

AL031,Computer and Software Engineering ,265,330
AL033,Toxicology ,260,315
AL035,Construction Technology Management ,310,350
AL050,Business Studies ,310,345
AL051,Accountancy ,260,345
AL052,Design Visual Communications 
AL053,Pharmaceutical Sciences ,305,345
AL054,Social Care Practice ,340,355
AL110,General Nursing ,360,375
AL111,Mature Applicants General Nursing 
AL112,Psychiatric Nursing ,330,340
AL113,Mature Applicants Psychiatric Nursing 









PC410,Humanities ,315,335









CW046,Computer Networking 
CW105,Early Childhood Studies ,340,355
CW120,Early Childhood Studies Wexford Campus ,300,325
CW122,in Accounting ,300,345









CR105,Chemical Engineering ,300,470
CR106,Computer Applications ,250,330
CR107,Electronic Engineering ,280,380
CR108,Mechanical Engineering ,360,410
CR109,Structural Engineering ,440,465
CR111,Computerised Instrument Systems ,205,315
CR112,Multimedia ,450
CR114,Software Development with French 
CR115,Software Development with German 
CR116,Software Dev Comp Net ,270,345
CR121,Music ,915
CR150,Business Studies in Information Systems ,355,370









CK101,Arts ,385,425
CK102,Social Science ,390,420
CK103,Music 
CK104,
CK105,European Studies ,315,435
CK106,Applied Psychology ,535
CK111,Early Childhood Studies ,355,380
CK112,Drama and Theatre Studies 
CK113,Language and Cultural Studies ,305,380
CK114,Social Science Youth and Community Work 
CK115,Social Work 
CK201,Commerce ,480
CK202,Accounting ,515
CK203,Business Information Systems ,400,425
CK204,Finance ,480
CK205,Commerce with French ,450,490
CK206,Commerce with German ,310,420
CK207,Commerce with Italian ,405,430
CK208,Commerce with Spanish ,440
CK209,Commerce with Irish ,440,450
CK210,Government and Public Policy ,395,430
CK301,Law ,540
CK302,Law and French ,530,555
CK303,Law and German ,490,500
CK304,Law and Irish ,515
CK401,Computer Science ,300,345
CK402,Biological and Chemical Sciences ,400,465
CK404,Environmental and Earth System Sciences ,330,380
CK405,Genetics ,485,525
CK406,Chemical Sciences ,390,450
CK407,Mathematical Sciences ,480,540
CK408,Physics and Astrophysics ,430,475
CK501,Food Business ,335,360
CK504,Nutritional Sciences ,475
CK505,Food Science and Technology ,300,360
CK601,Process Engineering ,495,525
CK602,Civil and Environmental Engineering ,510,540
CK603,Electrical and Electronic Engineering ,325,470
CK604,Microelectronic Engineering ,350,410
CK701,Medicine ,590
CK702,Dentistry ,555,560
CK703,Pharmacy ,575
CK704,Occupational Therapy ,505,510
CK705,Speech and Language Therapy ,530
CK706,Public Health and Health Promotion ,415,470
CK710,General Nursing ,440
CK711,Mature Applicants General Nursing 
CK720,Psychiatric Nursing ,385
CK721,Mature Applicants Psychiatric Nursing 
CK730,Mental Handicap Nursing ,350
CK731,Mature Applicants Mental Handicap Nursing 









AH001,Theology and Philosophy 
AH002,Theology and Psychology 
AH003,Theology and English Literature 









AC120,International Business ,230,345
AC141,Behavioral Science Psychology ,230,310









CE001,Church of Ireland 









CM001,Marino ,465
CM002,









DB512,Business Studies ,220,325
DB514,Business Studies Law ,215,340
DB515,Business Studies Human Resource Management ,265,330
DB516,Business Studies Financial Services ,190,340
DB521,Accountancy and Finance ,250,340
DB531,Marketing ,215,315
DB551,Anthropology ,275,320
DB552,Arts Literature and Drama ,180,315
DB553,Arts Film Studies ,205,320
DB561,Arts General ,210,320
DB562,Arts Psychology ,200,340
DB564,Arts Media Studies ,220,340









DC111,Business Studies ,440,455
DC112,European Business French ,445,450
DC113,European Business German ,385,400
DC114,European Business Spanish ,340,395
DC115,Accounting Finance ,455,485
DC116,European ,500,510
DC118,le Gaeilge Fheidhmeac ,340,400
DC121,Computer Applications ,300,350
DC125,Mathematical Sciences ,385,450
DC126,Financial and Actuarial Maths ,535
DC131,Communications ,455,480
DC132,Journalism ,465,500
DC133,Multimedia ,420,440
DC146,Int Bus ,395,425
DC147,Int Bus ,420,465
DC148,Int Bus ,420,460
DC149,Int Bus Japanese ,365,420
DC151,Languages for International Communication French ,310,395
DC152,Languages for International Communication German ,320,415
DC153,Languages for International Communication Spanis ,325,365
DC154,Languages for International Communication ,355,400
DC161,Analytical Science ,355,390
DC162,Chemical and Pharmaceutical Sciences ,350,390
DC165,Science International ,355,390
DC166,Environmental Science and Health ,355,390
DC167,Physics with Astronomy ,360,400
DC168,Genetics and Cell Biology ,425,460
DC171,Applied Physics ,345,395
DC181,Biotechnology ,350,375
DC191,Electronic Engineering ,350,375
DC192,Information and Communications Engineering 
DC193,Mechatronics ,335,405
DC195,Engineer ,280,445
DC196,Manufact Studies ,345,425
DC197,Medical Mechanical Engineering ,290,415
DC198,Mech and Manufact Engineering ,330,380
DC199,Digital Media Engineering ,360,395
DC200,Electronics Engineering Common Entry ,395,455
DC201,Science Common Entry ,355,400
DC202,Sport Science and Health ,470,495
DC203,Science Education ,400,435
DC211,Music Performance 
DC215,General Nursing ,380,410
DC216,Psychiatric Nursing ,325,340
DC217,Mental Handicap Nursing ,285,310
DC225,Mature Applicants General Nursing 
DC226,Mature Applicants Psychiatric Nursing 
DC227,Mature Applicants Mental Handicap Nursing 
DC230,Economics Politics and Law ,445,465
DC231,International Relations ,400,435
DC235,Education and Training ,300,350









DN001,Architecture ,550
DN002,Medicine ,580
DN004,Radiography ,480,505
DN005,Veterinary Medicine ,560,570
DN006,Physiotherapy ,535,540
DN007,Social Science ,395,430
DN008,Science ,325,410
DN009,Law ,510,535
DN010,Agricultural Science ,310,370
DN011,Music 
DN012,Arts ,370,410
DN014,Irish ,450,465
DN015,Commerce ,470,490
DN016,
DN017,
DN018,
DN019,
DN020,Actuarial and Financial Studies ,560,580
DN021,Business and Legal Studies ,505,520
DN022,Arts ,195,535
DN024,Sports Management ,415,440
DN026,Economics Finance ,485,510
DN029,Law with French Law ,510,540
DN030,Computer Science ,310,375
DN031,Theoretical Physics ,430,490
DN032,Mathematical Science ,400,500
DN040,Food Science ,330,370
DN041,Landscape Horticulture ,345,385
DN042,Forestry ,300,330
DN043,Agribusiness and Rural Development ,305,355
DN044,Agricultural and Environmental Science ,300,325
DN045,Animal and Crop Production ,305,395
DN046,Animal Science ,320,380
DN047,Engineering Technology ,300,350
DN048,Horticultural Science ,310,380
DN050,Computer Science ,340,365
DN051,Economics ,450,460
DN052,History ,450,470
DN053,Philosophy ,410,450
DN054,Psychology ,530,545
DN057,BA International French ,455,485
DN058,BA International German ,350,380
DN059,BA International Spanish ,460,490
DN071,Chemical Engineering ,410,485
DN072,Civil Engineering ,485,500
DN073,Electronic or Electrical ,330,450
DN074,Mechanical Engineering ,450,480
DN076,Biosystems Engineering ,405,490
DN077,Engineering ,495,535
DN078,Structural Engineering with Architecture ,485,510
DN105,Veterinary Medicine Graduate Entry 
DN110,General Nursing ,380
DN111,Mature Applicants General Nursing 
DN120,Psychiatric Nursing ,340,350
DN121,Mature Applicants Psychiatric Nursing 









DK057,General Nursing ,360
DK061,Mental Handicap Nursing ,315
DK097,Psychiatric Nursing ,335
DK104,Accounting Finance ,300,345
DK106,Marketing ,240,310
DK108,Computing Internet Technologies ,225,295
DK109,Building Surveying ,280,325
DK111,Music ,370
DK157,Mature Applicants General Nursing 
DK161,Mature Applicants Mental Handicap Nursing 
DK197,Mature Applicants Psychiatric Nursing 
DK206,Marketing French ,275,345
DK208,Computing Technologies with ,315,335
DK752,Events Management ,240,305









GA144,Gno agus Cumarsaid ,260,355
GA319,
GA442,Construction Management ,360,385
GA443,Property Studies ,350,365
GA810,General Nursing ,395
GA811,Mature Applicants General Nursing 
GA820,Psychiatric Nursing ,375
GA821,Mature Applicants Psychiatric Nursing 









GY101,Arts ,435
GY102,Arts Economics and Social Studies at Ange ,300,335
GY103,Arts Social ,365,385
GY104,Arts Psychology ,555
GY201,Commerce ,420,450
GY202,Commerce International with French ,485,515
GY203,Commerce International with German ,390,415
GY204,Commerce International with Spanish ,380,435
GY205,Commerce International with Italian ,360,395
GY206,Business Information Systems ,360,380
GY250,Corporate Law ,485,505
GY251,Bachelor of Civil Law ,515,525
GY301,Science ,320,395
GY302,Applied Physics and Electronics or Physics ,325,375
GY303,Biomedical Science ,470,505
GY304,Biotechnology ,375,455
GY306,Computing Studies Mathematical Science ,290,380
GY308,Environmental Science ,365,390
GY309,Financial Mathematics and ,425,485
GY310,Marine Science ,355,410
GY312,Physics and Astronomy ,325,445
GY313,Health and Safety Systems ,370,395
GY314,Earth and Ocean Sciences ,320,365
GY350,Information Technology ,260,345
GY401,Engineering ,475
GY402,Civil Engineering ,510
GY403,Electronic Engineering ,315,420
GY404,Industrial Engineering ,360,425
GY405,Mechanical Engineering ,440
GY406,Electronic Computer Engineering ,305,395
GY408,Biomedical Engineering ,420,485
GY409,Environmental Engineering ,455
GY501,Medicine ,580
GY502,Occupational Therapy ,495,500
GY503,Speech and Language Therapy ,510,525
GY515,General Nursing and ,440
GY516,Psychiatric Nursing ,370
GY525,Mature Applicants Gen Nursing and Portiunc 
GY526,Mature Applicants Psychiatric Nursing 









LY081,Business Studies Sport Development Coaching ,305
LY137,General Nursing ,365
LY142,Psychiatric Nursing ,310,330
LY151,Computing with Data Communications ,275,340
LY152,Mental Handicap Nursing ,245,305
LY237,Mature Applicants General Nursing 
LY242,Mature Applicants Psychiatric Nursing 
LY252,Mature Applicants Mental Handicap Nursing 









LC331,Software Development ,260,315
LC341,Multi Media Computing Design ,300,335
LC471,Quantity Surveying ,400,425
LC481,Valuation Surveying ,350,375
LC491,Construction Management ,340,360
LC651,Science Forensic ,410,445
LC921,Applied Social Studies Social Care ,375,395
LC931,Business Studies Tourism ,310,340
LC941,Business Studies with Event Management ,315,345









MI005,Primary Teaching ,465,490
MI006,Primary ,425,450
MI007,Early Childhood Care Education ,360,380
MI008,Primary Teaching and Psychology ,535,550









LM020,Law and Accounting ,500,530
LM021,
LM030,Irish Music and Dance 
LM033,New Media and English ,405,435
LM034,Politics and French ,485,500
LM035,English and History ,385,410
LM036,Economics and Sociology ,370,385
LM037,Economics and Mathematical Sciences ,430,480
LM040,European Studies ,330,380
LM041,Public Administration ,350,365
LM042,Studies ,480,500
LM043,
LM044,Applied Languages ,450,470
LM045,Language Cultural Studies ,360,380
LM046,
LM047,Arts ,385,420
LM048,Irish Studies ,355,445
LM049,Information Systems ,310,360
LM050,Business Studies ,405,440
LM051,Computer Systems ,305,365
LM052,
LM053,
LM054,
LM055,
LM058,Financial Mathematics ,425,475
LM059,Computer Systems with French 
LM060,Mathematical Sciences ,425,480
LM061,Industrial Chemistry ,400,450
LM062,Biomedical and Advanced Materials ,345,395
LM063,Production Management ,300,345
LM064,Industrial Biochemistry ,435,500
LM065,Applied Physics ,375,435
LM066,Environmental Science ,360,395
LM067,Wood ,320,360
LM068,Food Science and Health ,345,390
LM069,Computer Engineering ,370,420
LM070,Electronic Engineering ,360,445
LM071,Biomedical Engineering ,425,500
LM073,Mechanical Engineering ,425,485
LM074,Computer Integrated Design ,400,455
LM076,Product Design and Technology ,375,405
LM077,Aeronautical Eng ,410,445
LM079,Manufacturing Engineering ,340,370
LM080,Electronic Systems ,285,345
LM081,Manufacturing Systems ,310,365
LM083,Information Technology Telecommunications ,280,330
LM089,Sport and Exercise Sciences ,450,475
LM090,PE Teaching 
LM092,Biological with Teaching ,390,430
LM093,Equine Science ,305,365
LM094,Teaching ,415,440
LM095,Teaching ,395,405
LM096,Physics and Chemistry Teaching ,365,435
LM100,Physiotherapy ,575,590
LM150,General Nursing ,430
LM151,Mature Applicants General Nursing 
LM152,Mental Health Nursing ,360
LM153,Mature Applicants Mental Health Nursing 
LM154,Intellectual Disability Nursing ,335,350
LM155,Mature Applicants Intellectual Disability Nursing 









FT001,Product Design ,385,410
FT002,Engineering Systems Maintenance ,250,285
FT003,Manutronics Automation ,220,275
FT004,Civil Engineering ,400,420
FT005,Building Services Engineering ,315,350
FT006,Mechanical Engineering ,345,375
FT007,Automotive Technology and Management ,280,315
FT008,Electronics and Communications Engineering ,205,300
FT009,Electrical and Control Systems ,160,315
FT101,Architecture 
FT102,Architectural Technology 
FT103,Construction Technology ,370,390
FT104,Auctioneering Valuation and Estate Agency ,375,385
FT110,Property ,420
FT111,Const Econ Mgt ,405,430
FT112,Geomatics ,290,350
FT116,Planning Environmental Management ,365,390
FT125,Engineering ,385,425
FT128,Transport Technology ,235,315
FT130,Printing Management ,230,320
FT211,Computing ,245,320
FT212,Physical and Life Sciences ,210,305
FT213,Forensic and Environmental Science ,410,445
FT214,Biomedical Science ,410,450
FT215,Mathematical Sciences ,305,340
FT221,Engineering ,338,451
FT222,Physics Technology ,265,315
FT223,Human Nutrition Dietetics ,520,535
FT224,Optometry ,510,535
FT228,Computer Science ,220,315
FT229,Clinical Measurement ,285,380
FT255,Int Business and Languages French ,360,395
FT256,Int Business and Languages German ,285,355
FT257,Int Business and Languages Spanish ,270,390
FT259,Photography 
FT281,Computer Engineering ,350,425
FT352,Media Arts ,445,470
FT353,Journalism with a Language ,420,450
FT354,Information Systems Development ,310,370
FT358,Transport and Logistics ,305,340
FT359,Management and Law ,270,320
FT365,Business and Management ,420,430
FT366,Accounting and Finance ,415,435
FT401,Hospitality Management ,280,330
FT402,Tourism Marketing ,325,345
FT403,Culinary Arts ,270,340
FT404,Leisure Management ,350,365
FT405,Hotel and Restaurant Management ,240,290
FT406,Tourism ,320,345
FT470,Social Care Practice ,340,355
FT471,Social Care ,370,390
FT472,Early Childhood Care and Education ,360,375
FT480,Food Technology Pharmaceutical Technology ,245,330
FT481,Food Processing Pharmaceutical Manufacture ,205,270
FT491,Environmental Health ,305,345
FT541,Marketing ,395,410
FT543,Retail Services Management ,355,365
FT544,Design Interior Furniture 
FT545,Design Visual Communication 
FT546,Fine Art 
FT601,Music 
FT604,Speech and Drama Studies 









DL041,Animation 
DL042,Photography 
DL043,Visual Communication 
DL044,Visual Arts Practice Fine Art 
DL045,Film and Television Production 
DL141,Psychology Applied to Information Technology ,280,360
DL241,Cultural studies ,380,415
DL242,Business Studies with Arts Management ,325,355









FR001,Froebel ,450,450
FR002,









GC400,Business Studies ,185,305
GC401,Accounting and Finance ,230,310
GC402,Law with Business ,300,340
GC430,Computing Science ,230,290
GC450,Journalism and Media Comms ,280,335









MH101,Arts ,365,390
MH103,Music ,405
MH106,Psychology ,510,520
MH107,Social Science ,395,425
MH108,Studies ,400,425
MH109,Media Studies ,445,470
MH201,Science ,310,360
MH202,Biotechnology ,330,350
MH203,Computer Science ,320,375
MH204,Physics with Astrophysics ,410,440
MH205,Theoretical Physics Computer Science ,360,455
MH206,Theoretical Physics and Mathematics ,505,530
MH207,Computational Biology Bioinformatics ,400,460
MH208,Biological Science ,380,410
MH209,Psychology ,485,500
MH210,Chemistry with Pharmaceutical Chemistry ,385,435
MH301,Computer Engineering ,385,385
MH302,Electronic Engineering ,395,420
MH303,Communications Engineering ,370,370
MH304,Computer Electronic Communications Engineering ,375,430
MH401,Finance ,350,375
MH402,Finance and Venture Management ,400,440









MU001,Theology and Arts ,355
MU002,Theology ,310,335









SN001,Business Studies in Int Hotel Mgt 
SN002,Commerce Dip in Int Hotel Mgt 









SG141,Business Studies ,300,345
SG145,Computing in Web Development ,215,325
SG441,Environmental Science Tech ,250,335
SG445,Pharmaceutical Science ,255,330
SG446,Applied Archaeology ,265,315









AS001,Home Economics Biology ,490
AS002,Home Economics Catechetics ,435
AS003,Home Economics Irish ,440
AS004,Home Economics Studies ,430
AS005,Home Economics Religious Education ,440,455
AS110,General Nursing ,385
AS111,Mature Applicants General Nursing 
AS130,Mental Handicap Nursing ,205,305
AS131,Mature Applicants Mental Handicap Nursing 









TI005,Business Studies THURLES ,260,290









TH001,Religious Education Business Studies and Education ,300,345









TL110,General Nursing ,370,390
TL111,Mature Applicants General Nursing 
TL115,Psychiatric Nursing ,340,360
TL116,Mature Applicants Psychiatric Nursing 
TL170,Folk Theatre Studies 
TL180,Hospitality Management ,250,320
TL280,Business Studies ,275,330
TL290,Interactive Multimedia ,305,345
TL320,Computing with Enterprise Studies ,375
TL360,Computing with Multimedia ,280,360
TL370,Computing with Internet Development ,315,340









TA109,Applied Languages ,260,335
TA110,European Studies ,255,310
TA307,Pharmaceutical Sciences ,250,315









MD201,
MD301,
MD401,
MD500,Irish Studies and Religious Studies ,310,340









PT011,BA Philosophy ,300,330
PT012,BA Theology and Pastoral Care AQA ,290
PT013,BA ,300,305
PT014,BA Theology Anthropology AQA ,305









AD001,Education 
AD012,Industrial Design 









NC001,
NC003,Software Systems ,260,295
NC011,Based Part ,270,330
NC013,Software Systems Area Based Part 









PB251,Accounting and Finance ,265,340
PB253,Business Studies ,180,325
PB254,Marketing ,215,285









RC001,Medicine ,570
RC003,Medicine with Leaving Cert Scholarship ,590,590
RC004,Physiotherapy ,540
RC005,Pharmacy ,550









PD101,Primary Teaching ,480
PD102,Primary ,415,440
PD103,Humanities ,425









TR002,Music ,450
TR003,History ,515
TR004,Law ,570
TR005,Philosophy ,415,450
TR006,Psychology ,570
TR007,Clinical Speech and Language Studies ,540
TR008,Biblical and Theological Studies ,310,375
TR009,Music Education ,415,500
TR010,Computer Science Linguistics and German ,435,435
TR011,Computer Science Linguistics and French ,445,485
TR012,History and Political Science ,550,570
TR013,Computer Science Linguistics and Irish ,435,435
TR014,Philosophy and Political Science ,510,540
TR018,Law and French ,590
TR019,Law and German ,540,560
TR021,Classics ,470,570
TR022,Early and Modern Irish ,330,390
TR023,English Studies ,570
TR024,European Studies ,565
TR025,Drama and Theatre Studies ,540
TR026,Germanic Languages ,345,455
TR031,Mathematics ,420,500
TR032,Engineering ,445,480
TR033,Computer Science ,350,445
TR034,Management Science and Information Systems Studies ,475,535
TR035,Theoretical Physics ,520,570
TR036,Computer Science Evening ,325,666
TR037,Information Communications Technology ,400,490
TR038,Manufacturing Engineering with Management Science ,365,410
TR051,Medicine ,590
TR052,Dental Science ,570
TR053,Physiotherapy ,555
TR054,Occupational Therapy ,520
TR055,Therapeutic Radiography ,490,520
TR071,Science ,490
TR072,Pharmacy ,565
TR073,Human Genetics ,555,570
TR074,Computational Chemistry Computational Physics ,405,480
TR075,Medicinal Chemistry ,520
TR076,Physics and Chemistry of Advanced Materials ,365,485
TR081,Business Economic and Social Studies ,510
TR083,Sociology and Social Policy ,465,505
TR084,Social Studies Work ,480,530
TR085,Business Studies and French ,480,510
TR086,Business Studies and German ,420,455
TR087,Business Studies and Russian ,425,450
TR091,General Nursing and St ,405
TR092,Mature Applicants Gen Nursing and St 
TR093,General Nursing School of ,380,440
TR094,Mature Applicants Gen Nursing School of 
TR095,Psychiatric Nursing ,340
TR096,Mature Applicants Psychiatric Nursing 
TR097,Mental Handicap Nursing ,300,340
TR098,Mature Applicants Mental Handicap Nursing 
TR001,Moderatorship 


































WD025,Construction Management ,310,360
WD026,Electronics ,295,330
WD027,Music 
WD028,Applied Computing ,315,385
WD048,Business studies ,320,365
WD049,Business French ,330,370
WD079,Administration ,305,360
WD080,Business with German ,350,375
WD084,Accounting ,335,390
WD085,Manufacturing Systems Engineering ,290,360
WD086,Electronic Engineering ,355,425
WD091,Hospitality Management ,275,310
WD095,Marketing ,300,350
WD116,General Nursing ,395,425
WD117,Psychiatric Nursing ,355,375
WD120,Mental Handicap Nursing ,325,340
WD123,Languages marketing ,290,350
WD124,Health Promotion ,300,345
WD125,Exercise Health Studies ,300,345
WD127,Retail Management ,270,350
WD816,Mature Applicants General Nursing 
WD817,Mature Applicants Psychiatric Nursing 
WD820,Mature Applicants Mental Handicap Nursing 
